docid,title,score,link,
5543f7dfe138233dfd7d2f9e,Crustal and magmatic evolution in a large multicyclic caldera complex: isotopic evidence from the central San Juan volcanic field,1,http://www.sciencedirect.com/science/article/pii/037702739400097Z,geochronology | radiocarbon | 14C
558e78b4e13823109f3ee389,Map and data for Quaternary faults and folds in New Mexico,1,https://www.sciencebase.gov/catalog/item/4f4e4a8ae4b07f02db6515d3,U/Pb | optically stimulated luminescence | geochronology | radiocarbon | U-Pb | luminescence dating | detrital zircon | U-Th | 14C | OSL | 238U
56f38729cf58f1be97d7e4ed,"Tectonic stability of the San Luis Hills, Northern Rio Grande Rift, Colorado: Evidence from paleomagnetic measurements",1,http://doi.wiley.com/10.1029/97GL00127,radiocarbon | 36Cl | cosmogenic | 14C
572ce3f5cf58f13589961933,Wilderness mineral potential: Assessment of mineral-resource potential in U.S. Forest Service lands studied in 1964-1984: Volume 1,1,https://www.sciencebase.gov/catalog/item/564474bce4b0aafbcd018561,radiocarbon | absolute age | 14C
57113cf1cf58f18f6401dc9f,"Assessing Roles of Volcanism and Basin Subsudence in Causing Oligocene-Lower Miocene Sedimentation in the Northern Rio Grande Rift, New Mexico, U.S.A.",1,http://dx.doi.org/10.1306/050602720836,U/Pb | 39Ar | geochronology | U-Pb | detrital zircon | U-Th | 238U
558de643e13823109f3ee01a,"Journal of Research of the U. S. Geological Survey, 1973, volume 1, issue 6",1,https://www.sciencebase.gov/catalog/item/505a4011e4b0c8380cd64a4e,argon dating
5545b69ee138233dfd7d378a,"Origin of rhyolite by crustal melting and the nature of parental magmas in the Oligocene Conejos Formation, San Juan Mountains, Colorado, USA",1,http://www.sciencedirect.com/science/article/pii/S0377027304003002,39Ar | 40Ar-39Ar | 40Ar/39Ar | 40Ar
55b8403de13823bd29ba866a,"Mineral resources of the La Garita Wilderness, San Juan Mountains, southwestern Colorado, with a section on geophysical interpretation",1,https://www.sciencebase.gov/catalog/item/4f4e4b06e4b07f02db69a25c,fission track | 39Ar | radiocarbon | 40Ar-39Ar | 40Ar/39Ar | 40Ar | U-Th | 14C
5590ecb7e13823109f3ef2e6,"Compilation of revised ages of volcanic units in the San Juan Mountains, Colorado; recalculated K-Ar age determinations using IUGS constants",1,https://www.sciencebase.gov/catalog/item/4f4e4b1de4b07f02db6a9734,U/Pb | paleomagnetism | 39Ar | geochronology | U-Pb | 40Ar-39Ar | 40Ar/39Ar | 40Ar | paleomagnetic
54b43265e138239d8684ee91,"Post-glacial landscape response to climate variability in the southeastern San Juan Mountains of Colorado, USA",1,http://www.sciencedirect.com/science/article/pii/S0033589411001104,39Ar | geochronology | 40Ar-39Ar | 40Ar/39Ar | 40Ar | paleomagnetic
55b39d1fe138231cbdd6d2c5,"Evolution of the Platoro caldera complex and related volcanic rocks, southeastern San Juan Mountains, Colorado",1,https://www.sciencebase.gov/catalog/item/4f4e4a07e4b07f02db5f969f,39Ar | biostratigraphy | 40Ar-39Ar | 40Ar/39Ar | 40Ar
55b36835e138231cbdd6d19e,"Calderas of the San Juan volcanic field, southwestern Colorado",1,https://www.sciencebase.gov/catalog/item/4f4e4a07e4b07f02db5f95fe,Ar/Ar | 39Ar | geochronology | 3He | 40Ar-39Ar | Ar-Ar | 40Ar/39Ar | 40Ar | paleomagnetic
598b1c9ecf58f1aa5d18ca4a,"Birth and evolution of the Rio Grande fluvial system in the past 8Ma: Progressive downward integration and the influence of tectonics, volcanism, and climate",1,http://www.sciencedirect.com/science/article/pii/S0012825216302094,U/Pb | Uranium series | geochronology | U-Pb | absolute age | U-Th | 238U
54c77ee0e13823b607fd395f,"Mantle source volumes and the origin of the mid-Tertiary ignimbrite flare-up in the southern Rocky Mountains, western U.S.",1,http://www.sciencedirect.com/science/article/pii/S0024493707001818,geochronology | radiocarbon | absolute age | paleomagnetic
5543a6e0e138233dfd7d2d1f,"Voluminous lava-like precursor to a major ash-flow tuff: low-column pyroclastic eruption of the Pagosa Peak Dacite, San Juan volcanic field, Colorado",1,http://www.sciencedirect.com/science/article/pii/S0377027399001857,fission track
54b43273e138239d8685161f,"Lead isotopic evidence for the origin of Paleo- and Mesoproterozoic rocks of the Colorado Province, U.S.A.",1,http://www.sciencedirect.com/science/article/pii/030192689390007O,argon dating
55a6e9c3e13823757cc6fc82,"Preliminary report on the geology of hydrothermally altered areas within the upper Alamosa River basin, Colorado",1,https://www.sciencebase.gov/catalog/item/4f4e4aafe4b07f02db66c8da,14C
55c42a10cf58f1a8110b9322,"Oligo-Miocene mafic intrusions of the San Juan Volcanic Field, southwestern Colorado, and their relationship to voluminous, caldera-forming magmas",1,http://www.sciencedirect.com/science/article/pii/S0016703715001039,U/Pb | Uranium series | fission track | Ar/Ar | tephrochronology | paleomagnetism | 39Ar | geochronology | radiocarbon | biostratigraphy | U-Pb | 40Ar-39Ar | Ar-Ar | U-Th-Pb | 40Ar/39Ar | absolute age | 40Ar | U-Th | paleomagnetic
57a0f4bdcf58f1a3e75bda54,"Geophysical study of the San Juan Mountains batholith complex, southwestern Colorado",1,http://dx.doi.org/10.1130/ges00723.1,geochronology | radiocarbon | paleomagnetic
5791e424cf58f1ad92064842,"Recurrent eruption and subsidence at the Platoro caldera complex, southeastern San Juan volcanic field, Colorado: New tales from old tuffs",1,http://dx.doi.org/10.1130/0016-7606(1996)108<1039:reasat>2.3.co;2,fission track | geochronology | argon dating
57a3b061cf58f1acad681026,"An ignimbrite caldera from the bottom up: Exhumed floor and fill of the resurgent Bonanza caldera, Southern Rocky Mountain volcanic field, Colorado",1,http://dx.doi.org/10.1130/ges01184.1,geochronology | biostratigraphy | argon dating | U-Th
5783ed3bcf58f12d85ce4695,"Petrologic evolution of the San Juan volcanic field, southwestern Colorado: Pb and Sr isotope evidence",1,http://dx.doi.org/10.1130/0016-7606(1978)89<59:peotsj>2.0.co;2,Ar/Ar | Ar-Ar | paleomagnetic
58c859ebcf58f179a56e6a4d,The Great Basin Altiplano during the middle Cenozoic ignimbrite flareup: insights from volcanic rocks,1,http://www.tandfonline.com/doi/abs/10.1080/00206810902867690,Uranium series | fission track | 39Ar | geochronology | radiocarbon | 40Ar-39Ar | 40Ar/39Ar | 40Ar | paleomagnetic | 14C | 238U
55b32faee138231cbdd6d07e,"Geology and uranium deposits of the Cochetopa and Marshall Pass districts, Saguache and Gunnison counties, Colorado",1,https://www.sciencebase.gov/catalog/item/4f4e4ad6e4b07f02db6841b2,geochronology | argon dating | absolute age
559d2cfae138230816dad6f3,"Caldera-related lava flows and intrusions of the south-central San Juan Mountains, Colorado; analytical data",1,https://www.sciencebase.gov/catalog/item/4f4e4a07e4b07f02db5f95c4,14C
578657c5cf58f10c846f9aa0,Sedimentology and stratigraphy of the Miocene Zia sand of New Mexico,1,http://dx.doi.org/10.1130/gsab-p2-92-2484,39Ar | geochronology | 40Ar-39Ar | argon dating | 40Ar/39Ar | 40Ar | paleomagnetic
57a39da0cf58f1a6fe879b7d,"Synchronous opening of the Rio Grande rift along its entire length at 25â€“10 Ma supported by apatite (U-Th)/He and fission-track thermochronology, and evaluation of possible driving mechanisms",1,http://dx.doi.org/10.1130/b31223.1,biostratigraphy
591c8904cf58f12d36036086,"A shifting riftâ€”Geophysical insights into the evolution of Rio Grande rift margins and the Embudo transfer zone near Taos, NewÂ Mexico",1,http://dx.doi.org/10.1130/ges01425.1,paleomagnetism | geochronology | biostratigraphy | 14C
558d1dd3e13823109f3edc55,"Mineral resources of the San Juan primitive area, Colorado, with a section on iron resources in the Irving Formation",1,https://www.sciencebase.gov/catalog/item/4f4e4b06e4b07f02db69a0b4,U/Pb | paleomagnetism | geochronology | radiocarbon | biostratigraphy | U-Pb | argon dating | U-Th-Pb | U-Th | paleomagnetic
558db06ce13823109f3edecc,"A digital geologic map and explanation of the San Antonio Mountain Quadrangle, Rio Arriba and Taos counties, New Mexico",1,https://www.sciencebase.gov/catalog/item/4f4e4b25e4b07f02db6aed8a,40Ar | 14C
577dec65cf58f1546473dc4d,"Volcanic History of the San Juan Mountains, Colorado, as Indicated by Potassiumâ€“Argon Dating",1,http://dx.doi.org/10.1130/0016-7606(1970)81[2329:vhotsj]2.0.co;2,geochronology | radiocarbon | absolute age | U-Th
579d7c76cf58f1567c120b5a,"Eruptive and noneruptive calderas, northeastern San Juan Mountains, Colorado: Where did the ignimbrites come from?",1,http://dx.doi.org/10.1130/b26330.1,argon dating
578d60a7cf58f11b18453430,Cenozoic sedimentation and paleotectonics of north-central New Mexico: Implications for initiation and evolution of the Rio Grande rift,1,http://dx.doi.org/10.1130/0016-7606(1990)102<1280:csapon>2.3.co;2,argon dating
54d87dcce138238471e80327,"40Ar/39Ar and Uâ€“Pb dating of the Fish Canyon magmatic system, San Juan Volcanic field, Colorado: Evidence for an extended crystallization history",1,http://www.sciencedirect.com/science/article/pii/S0009254106004141,U/Pb | fission track | geochronology | U-Pb | U-Th-Pb | U-Th | paleomagnetic
557b0a05e138239225f861fd,"A digital geologic map and explanation of the Los Pinos Quadrangle, Rio Arriba and Taos counties, New Mexico and Conejos County, Colorado",1,https://www.sciencebase.gov/catalog/item/4f4e4b25e4b07f02db6aed52,U/Pb | Uranium series | 39Ar | geochronology | U-Pb | 3He | 40Ar-39Ar | cosmogenic | 40Ar/39Ar | 10Be | 40Ar
557a5dc9e138233a711e1962,"Preliminary geology of the San Luis Peak Quadrangle and adjacent areas, San Juan volcanic field, southwestern Colorado",1,https://www.sciencebase.gov/catalog/item/4f4e4afee4b07f02db697486,geochronology
554490b8e138233dfd7d32a8,The characteristics of magma reservoir failure beneath a volcanic edifice,1,http://www.sciencedirect.com/science/article/pii/S0377027309003989,paleomagnetism | 39Ar | 40Ar-39Ar | 40Ar/39Ar | 40Ar | paleomagnetic
554689e1e138233dfd7d3af8,"Thermomechanical feedbacks in magmatic systems: Implications for growth, longevity, and evolution of large caldera-forming magma reservoirs and their supereruptions",1,http://www.sciencedirect.com/science/article/pii/S0377027314001693,radiocarbon
579c7292cf58f1a97062dea4,Incremental assembly and prolonged consolidation of Cordilleran magma chambers: Evidence from the Southern Rocky Mountain volcanic field,1,http://dx.doi.org/10.1130/ges00061.1,amino acid racemization | paleomagnetism | biostratigraphy | U-Th | paleomagnetic | OSL
568ee9bccf58f120e3d7059d,"Geologic map of the Alamosa 30â€™ &times; 60â€™ quadrangle, south-central Colorado",1,https://www.sciencebase.gov/catalog/item/5620c022e4b06217fc478aa6,paleomagnetic
559e7ec4e138230816dadc6a,"Preliminary geologic map of the Capulin Quadrangle, Alamosa and Conejos counties, Colorado",1,https://www.sciencebase.gov/catalog/item/4f4e4ac8e4b07f02db67bc29,U-Th
578cf85dcf58f1bebedaa947,"Nd- and Pb-isotope variations in the multicyclic central caldera cluster of the San Juan volcanic field, Colorado, and implications for crustal hybridization",1,http://dx.doi.org/10.1130/0091-7613(1990)018<0975:napivi>2.3.co;2,U/Pb | geochronology | U-Pb | argon dating | 206Pb | U-Th-Pb | U-Th | 238U
55b2ede5e138231cbdd6cf18,Rock units of the Precambrian basement in Colorado,1,https://www.sciencebase.gov/catalog/item/4f4e4a0fe4b07f02db5fe6a7,fission track | geochronology | biostratigraphy | argon dating
5503671be1382326932d7f81,Calderas and caldera structures: a review,1,http://www.sciencedirect.com/science/article/pii/S0012825204000868,biostratigraphy
54b43265e138239d8684ed68,"Holocene landscape evolution and geoarcheology of low-order streams in the Rio Grande basin, San Juan Mountains, Colorado, USA",1,http://www.sciencedirect.com/science/article/pii/S0033589414000702,39Ar | 40Ar-39Ar | argon dating | 206Pb | 40Ar/39Ar | 40Ar
57865120cf58f10c846f8ee3,Cenozoic continental deposits of New Mexico: An overview,1,http://dx.doi.org/10.1130/0016-7606(1981)92<917:ccdonm>2.0.co;2,tephrochronology | radiocarbon | 36Cl | cosmogenic | absolute age | 10Be | 14C
557be847e1382390b43c7915,"Chronosequence development and soil variability from a variety of sub-alpine, post-glacial landforms and deposits in the southeastern San Juan Mountains of Colorado",1,http://www.sciencedirect.com/science/article/pii/S0341816214003786,U/Pb | Ar/Ar | 39Ar | geochronology | U-Pb | 40Ar-39Ar | Ar-Ar | argon dating | 40Ar/39Ar | 40Ar | U-Th | 238U
54b43246e138239d868499c2,Pliocene and Pleistocene geologic and climatic evolution in the San Luis Valley of south-central Colorado,1,http://www.sciencedirect.com/science/article/pii/003101829290113J,argon geochronology | 39Ar | geochronology | radiocarbon | 3He | 40Ar-39Ar | 40Ar/39Ar | 40Ar | 14C
56dda914cf58f140c7a9eb14,Precaldera lavas of the southeast San Juan Volcanic Field: Parent magmas and crustal interactions,1,http://doi.wiley.com/10.1029/91JB00282,U/Pb | Ar/Ar | 39Ar | U-Pb | 40Ar-39Ar | Ar-Ar | argon dating | 40Ar/39Ar | 40Ar | paleomagnetic
558e418de13823109f3ee23b,Phenocryst compositions of late ash-flow tuffs from the central San Juan caldera cluster : results from Creede drill-hole samples and implications for regional stratigraphy,1,https://www.sciencebase.gov/catalog/item/4f4e4adfe4b07f02db6878a1,paleomagnetism | biostratigraphy | U-series | luminescence dating | cosmogenic | absolute age | paleomagnetic | OSL
577d7be7cf58f132948dc618,"Alkalic and Tholeiitic Basaltic Volcanism Related to the Rio Grande Depression, Southern Colorado and Northern New Mexico",1,http://dx.doi.org/10.1130/0016-7606(1969)80[1343:aatbvr]2.0.co;2,fission track | 39Ar | geochronology | 40Ar-39Ar | 40Ar/39Ar | 40Ar | paleomagnetic
55b68f48e138238e2d054839,The Cenozoic rocks; a discussion to accompany the geologic map of the United States,1,https://www.sciencebase.gov/catalog/item/4f4e4ad2e4b07f02db681a8f,14C
56c01592cf58f15c72c8e568,"Oligocene basaltic volcanism of the Northern Rio Grande Rift: San Luis Hills, Colorado",1,http://doi.wiley.com/10.1029/91JB00068,U/Pb | 39Ar | geochronology | U-Pb | 3He | 40Ar-39Ar | 206Pb | (U-Th)/He | cosmogenic | 40Ar/39Ar | U-Th/He | detrital zircon | 40Ar | U-Th | thermochronology | 206Pb/238U | 238U
557ca705e138239225f86931,"Fluid-inclusion data on samples from Creede, Colorado, in relation to mineral paragenesis",1,https://www.sciencebase.gov/catalog/item/4f4e49d6e4b07f02db5de77a,U/Pb | geochronology | radiocarbon | U-Pb | 14C | OSL
579fcfeacf58f14e7c3dbb3f,"Post-glacial range of variability in the Conejos River Valley, southern Colorado, USA: fluvial response to climate change and sediment supply",1,http://doi.wiley.com/10.1002/esp.3253,U/Pb | Ar/Ar | geochronology | U-Pb | Ar-Ar | argon dating
55a60409e13823757cc6f854,Laramide-Tertiary intrusive rocks of Colorado,1,https://www.sciencebase.gov/catalog/item/4f4e4b1be4b07f02db6a9167,biostratigraphy | paleomagnetic
55824671e13823b0bc477396,"Quality of surface waters of the United States, 1967, Parts 7 and 8, Lower Mississippi River basin and western Gulf of Mexico basins",2,https://www.sciencebase.gov/catalog/item/4f4e4a8be4b07f02db6519ad,radiocarbon | cosmogenic | 14C
55b872f9e13823bd29ba87b1,"Bibliography of geology and hydrology, San Juan Basin, New Mexico, Colorado, Arizona, and Utah",2,https://www.sciencebase.gov/catalog/item/4f4e4a50e4b07f02db6294a1,argon dating | paleomagnetic
55b6c820e13823bd29ba7d70,"Changes in stratigraphic nomenclature by the U. S. Geological Survey, 1975",2,https://www.sciencebase.gov/catalog/item/4f4e49e5e4b07f02db5e6c73,14C
5a2a9402cf58f173d436e5c7,Evaluation of simple geochemical indicators of aeolian sand provenance: Late Quaternary dune fields of North America revisited,2,https://www.sciencedirect.com/science/article/pii/S0277379117300021,paleomagnetism | paleomagnetic
559025ede13823109f3eee03,"Surface water supply of the United States, 1942, Part VIII, Western Gulf of Mexico basins",2,https://www.sciencebase.gov/catalog/item/4f4e4afee4b07f02db6972e0,U/Pb | U-Pb | argon dating | 206Pb | 40Ar
558f4765e13823109f3ee895,"Quality of surface waters of the United States, 1969, part 8, western Gulf of Mexico basin",2,https://www.sciencebase.gov/catalog/item/4f4e4a8be4b07f02db6518a3,14C
55907608e13823109f3eeff5,"Surface water supply of the United States, 1943, Part VIII, Western Gulf of Mexico basins",2,https://www.sciencebase.gov/catalog/item/4f4e4afde4b07f02db69718a,Uranium series | fission track | paleomagnetism | 39Ar | geochronology | radiocarbon | biostratigraphy | 40Ar-39Ar | argon dating | 206Pb | U-series | 40Ar/39Ar | 40Ar | paleomagnetic | 238U
578658aecf58f10c846f9c22,"Lexicon and Bibliography of Cenozoic Deposits of New Mexico, 1869-1980",2,http://dx.doi.org/10.1130/gsab-p2-92-1807,U/Pb | Uranium series | fission track | Ar/Ar | tephrochronology | paleomagnetism | 39Ar | geochronology | radiocarbon | biostratigraphy | U-Pb | 40Ar-39Ar | Ar-Ar | U-Th-Pb | 40Ar/39Ar | absolute age | 10Be | 40Ar | U-Th | paleomagnetic | thermochronology | 14C
595a5984cf58f17497a44c72,Chapter 8. Assessing the Impacts of Severe Fire on Forest Ecosystem Recovery,2,http://www.tandfonline.com/doi/abs/10.1300/J091v11n01_08,14C
579cea0bcf58f11f7cdbc8c5,Interplay of oceanographic and paleoclimate events with tectonism during middle to late Miocene sedimentation across the southwestern USA,2,http://dx.doi.org/10.1130/ges00171.1,14C
571a7447cf58f1a4ac848b4f,Impacts of groundwater pumping and climate variability on groundwater availability in the Rio Grande Basin,2,http://doi.wiley.com/10.1890/ES12-00270.1,U/Pb | fission track | Ar/Ar | paleomagnetism | 39Ar | geochronology | U-Pb | 40Ar-39Ar | Ar-Ar | U-Th-Pb | 40Ar/39Ar | 40Ar | U-Th | paleomagnetic
54e25b18e138238a47f97c0a,Low-18O silicic magmas: why are they so rare?,2,http://www.sciencedirect.com/science/article/pii/S0012821X98001617,geochronology | radiocarbon | biostratigraphy
558236cee13823b0bc47734a,"Surface water supply of the United States, 1939, VIII, Western Gulf of Mexico basins",2,https://www.sciencebase.gov/catalog/item/4f4e4afee4b07f02db6973f8,U/Pb | fission track | geochronology | U-Pb | U-Th-Pb | U-Th | paleomagnetic
55b842ede13823bd29ba867a,"Mineral resources of the Chama-Southern San Juan Mountains Wilderness Study Area, Mineral, Rio Grande, Archuleta, and Conejos counties, Colorado",2,https://www.sciencebase.gov/catalog/item/4f4e4b07e4b07f02db69ae79,biostratigraphy | argon dating
55b7b693e13823bd29ba832c,Minerals of Colorado; a 100-year record,2,https://www.sciencebase.gov/catalog/item/4f4e4b05e4b07f02db699e2b,39Ar | geochronology | 40Ar-39Ar | 40Ar/39Ar | 40Ar
557c7319e138239225f86859,The architecture of the porphyry-metal system as a prospecting stratagem in the Southern Rocky Mountains,2,https://www.sciencebase.gov/catalog/item/4f4e4aaae4b07f02db669741,paleomagnetism | 39Ar | geochronology | 40Ar-39Ar | 40Ar/39Ar | 40Ar | paleomagnetic
55a08d8fe1382381ff364537,"Geochemical and lead-isotopic studies of stream and river sediments, Alamosa River basin, Colorado",2,https://www.sciencebase.gov/catalog/item/4f4e4b24e4b07f02db6ae6e8,biostratigraphy | U-Th | paleomagnetic
56f94720cf58f18e61fa9373,Global plate motion frames: Toward a unified model,2,http://doi.wiley.com/10.1029/2007RG000227,fission track | argon dating
558bc6b7e13823109f3ed528,"Contributions to the geology of uranium and thorium by the United States Geological Survey and Atomic Energy Commission for the United Nations International Conference on Peaceful Uses of Atomic Energy, Geneva, Switzerland, 1955",2,https://www.sciencebase.gov/catalog/item/4f4e4af0e4b07f02db691734,U/Pb | paleomagnetism | 39Ar | geochronology | biostratigraphy | U-Pb | 40Ar-39Ar | (U-Th)/He | 40Ar/39Ar | U-Th/He | 40Ar | U-Th | paleomagnetic | thermochronology | 14C
557fa274e13823bc80ba2799,Occurrence of nonpegmatite beryllium in the United States,2,https://www.sciencebase.gov/catalog/item/4f4e4af5e4b07f02db692466,radiocarbon
579b9c00cf58f14e3ae11a31,Major ignimbrites and volcanic centers of the Copper Canyon area: A view into the core of Mexico's Sierra Madre Occidental,2,http://dx.doi.org/10.1130/ges00042.1,U/Pb | fission track | 39Ar | geochronology | U-Pb | 40Ar-39Ar | (U-Th)/He | 40Ar/39Ar | U-Th/He | 40Ar | U-Th | thermochronology
57c59ac6cf58f127c83e24ba,Implications of the Miocene(?) Crooked Ridge River of northern Arizona for the evolution of the Colorado River and Grand Canyon,2,http://dx.doi.org/10.1130/ges00861.1,U/Pb | 39Ar | geochronology | U-Pb | 40Ar-39Ar | argon dating | 206Pb | 40Ar/39Ar | 40Ar | paleomagnetic
579d744fcf58f1532d23a0fa,The Chuska erg: Paleogeomorphic and paleoclimatic implications of an Oligocene sand sea on the Colorado Plateau,2,http://dx.doi.org/10.1130/b26081.1,U/Pb | 39Ar | geochronology | U-Pb | 3He | 40Ar-39Ar | argon dating | (U-Th)/He | 40Ar/39Ar | U-Th/He | detrital zircon | 40Ar | U-Th | thermochronology
558b0d1de13823109f3ed159,"Water Resources Data for Colorado, Water Year 1987. Volume 1. Missouri River Basin, Arkansas River Basin, and Rio Grande Basin",2,https://www.sciencebase.gov/catalog/item/4f4e4a0de4b07f02db5fd0b1,paleomagnetism | 39Ar | optically stimulated luminescence | radiocarbon | biostratigraphy | 40Ar-39Ar | U-series | luminescence dating | 40Ar/39Ar | electron spin resonance | 40Ar | 14C | OSL | 238U
5949ef58cf58f1b720a11601,Annual growth zones in stems of Hypericum irazuense (Guttiferae) in the Costa Rican pÃ¡ramos,3,https://www.tandfonline.com/doi/full/10.1080/02723646.2017.1340714,paleomagnetism | paleomagnetic | 14C
570dd280cf58f117c74206e8,Vegetation Recovery following a High Elevation Fire in the Dominican Republic1,3,http://doi.wiley.com/10.1111/j.1744-7429.2001.tb00228.x,biostratigraphy | paleomagnetic
5582c465e13823b0bc47757a,"Publications of the Geological Survey, 1982",3,https://www.sciencebase.gov/catalog/item/5124ad61e4b0b6328103b4e7,U/Pb | fission track | Ar/Ar | 39Ar | 238U/206Pb | geochronology | U-Pb | 40Ar-39Ar | Ar-Ar | argon dating | 206Pb | U-Th-Pb | 40Ar/39Ar | 40Ar | U-Th | 238U | 206Pb/238U
558be5bce13823109f3ed5d3,"Publications of the U.S. Geological Survey, 1971-1981",3,https://www.sciencebase.gov/catalog/item/5124ad62e4b0b6328103b4ef,radiocarbon | 14C
558b539ce13823109f3ed2b4,Lexicon of geologic names of the United States for 1936-1960,3,https://www.sciencebase.gov/catalog/item/4f4e4b16e4b07f02db6a5561,radiocarbon | 14C
559c5e98e138230816dad363,Bibliography of United States landslide maps and reports,3,https://www.sciencebase.gov/catalog/item/4f4e4a51e4b07f02db629772,39Ar | 40Ar-39Ar | 40Ar/39Ar | 40Ar
558c38b7e13823109f3ed77e,"Publications of the U.S. Geological Survey, 1986",3,https://www.sciencebase.gov/catalog/item/5124ad64e4b0b6328103b4fb,39Ar | 40Ar-39Ar | 40Ar/39Ar | 40Ar
5581dfc5e13823b0bc4772d9,"Publications of the U.S. Geological Survey, 1994",3,https://www.sciencebase.gov/catalog/item/5124ad69e4b0b6328103b51b,Ar/Ar | Ar-Ar | U-Th
579cc6d9cf58f110795272ca,"Eruptive and structural history of Teide Volcano and rift zones of Tenerife, Canary Islands",3,http://dx.doi.org/10.1130/b26087.1,Ar/Ar | paleomagnetism | 39Ar | geochronology | Ar-Ar | argon dating | paleomagnetic
58333478cf58f177a7b775b2,Early to Middle Pleistocene rodent biostratigraphy of the Guadix-Baza Basin (SE Spain),3,http://www.sciencedirect.com/science/article/pii/S1040618214008507,fission track | geochronology | argon dating
58334888cf58f177a7b79ab5,"Comparing two different Early Pleistocene microfaunal sequences from the caves of Atapuerca, Sima del Elefante and Gran Dolina (Spain): Biochronological implications and significance of the Jaramillo subchron",3,http://www.sciencedirect.com/science/article/pii/S1040618214010155,radiocarbon | argon dating | cosmogenic | 10Be | 14C
55a4b8cae13823757cc6f2ed,"New information resources of the U.S. Geological Survey Library System, January 1990",3,https://www.sciencebase.gov/catalog/item/4f4e4afee4b07f02db6976cc,14C
55b889bfe13823bd29ba8838,"USGS research on mineral resources, 1994; Part A, Program and abstracts",3,https://www.sciencebase.gov/catalog/item/4f4e4a26e4b07f02db60f938,14C
5506bdb2e1382326932d9290,Deconstructing mammal dispersals and faunal dynamics in SW Europe during the Quaternary,3,http://www.sciencedirect.com/science/article/pii/S0277379114001942,U-Th
55068d32e1382326932d91b7,"Paleoclimatic and paleoenvironmental context of the Early Pleistocene hominins from Dmanisi (Georgia, Lesser Caucasus) inferred from the herpetofaunal assemblage",3,http://www.sciencedirect.com/science/article/pii/S0277379114003916,U/Pb | argon geochronology | Uranium series | fission track | Ar/Ar | tephrochronology | paleomagnetism | 39Ar | geochronology | radiocarbon | biostratigraphy | U-Pb | 40Ar-39Ar | Ar-Ar | U-series | U-Th-Pb | 40Ar/39Ar | absolute age | 10Be | 40Ar | U-Th | paleomagnetic | thermochronology | 14C
55a7bdc9e13823757cc7020e,"Bibliography for update and revision of U.S.G.S. Bulletin 1114, Minerals of Colorado -- a 100 year record, by Edwin B. Eckel, Part A - Paper copy --Bibliography data file disks",3,https://www.sciencebase.gov/catalog/item/4f4e4a51e4b07f02db62999f,U/Pb | Uranium series | fission track | paleomagnetism | 39Ar | geochronology | radiocarbon | biostratigraphy | U-Pb | 40Ar-39Ar | U-Th-Pb | 40Ar/39Ar | absolute age | 40Ar | U-Th | paleomagnetic | 238U
558ce501e13823109f3edb28,"Bibliography and index of geology and hydrology, Front Range urban corridor, Colorado",3,https://www.sciencebase.gov/catalog/item/4f4e4a51e4b07f02db629acf,14C
58333736cf58f177a7b77aac,"Extended-range luminescence chronologies suggest potentially complex bone accumulation histories at the Early-to-Middle Pleistocene palaeontological site of HuÃ©scar-1 (Guadix-Baza basin, Spain)",3,http://www.sciencedirect.com/science/article/pii/S1040618214005977,U/Pb | radiocarbon | biostratigraphy | U-Pb | argon dating | absolute age | paleomagnetic
55b690a7e138238e2d05483f,"Geological Survey research 1963; Short papers in geology and hydrology, Articles 60-121",3,https://www.sciencebase.gov/catalog/item/4f4e4ae0e4b07f02db687fb4,geochronology | detrital zircon | absolute age | U-Th
554532ffe138233dfd7d355e,"Origin of distinct silicic magma types from the GuachipelÃ­n Caldera, NW Costa Rica: Evidence for magma mixing and protracted subvolcanic residence",3,http://www.sciencedirect.com/science/article/pii/S0377027307001370,U/Pb | argon geochronology | Uranium series | fission track | paleomagnetism | 39Ar | geochronology | radiocarbon | biostratigraphy | U-Pb | 40Ar-39Ar | 40Ar/39Ar | 40Ar | U-Th
559c1eefe138230816dad263,"ALK.BIB : a selected bibliography of alkaline igneous rocks and related mineral deposits, with an emphasis on western North America",3,https://www.sciencebase.gov/catalog/item/4f4e4b15e4b07f02db6a493a,U/Pb | U-Pb | argon dating
550b2aa2e1382369a6f92fdd,Effect of source integration on the geochemical fluxes from springs,3,http://www.sciencedirect.com/science/article/pii/S0883292712002521,14C
54b43267e138239d8684f2bd,"Quaternary Glaciers and Climate on Cerro ChirripÃ³, Costa Rica",3,http://www.sciencedirect.com/science/article/pii/S0033589400921422,14C
55b3641de138231cbdd6d189,"Geological Survey research 1963; Short papers in geology and hydrology, Articles 122-172",3,https://www.sciencebase.gov/catalog/item/4f4e4ae0e4b07f02db687fb1,fission track | geochronology | argon dating | 40Ar
5510c035e1382369a6f94760,Current titles in soil science,3,http://www.sciencedirect.com/science/article/pii/0016706182900283,radiocarbon | biostratigraphy
58c18411cf58f1a32df49425,Field estimates of groundwater circulation depths in two mountainous watersheds in the western U.S. and the effect of deep circulation on solute concentrations in streamflow,3,http://doi.wiley.com/10.1002/2016WR019553,argon dating
55b73097e13823bd29ba8003,"Changes in stratigraphic nomenclature by the U. S. Geological Survey, 1970",3,https://www.sciencebase.gov/catalog/item/4f4e49e5e4b07f02db5e6c71,206Pb | 238U
5723a83dcf58f17984d9d3f2,"Studies on Latin American water mites of the genus Torrenticola Piersig, 1896 (Torrenticolidae, Hydrachnidia, Acari)",3,http://doi.wiley.com/10.1111/j.1096-3642.2007.00305.x,U/Pb | U-Pb | absolute age | 14C
55b2f105e138231cbdd6cf26,"Geological Survey research 1967, Chapter D",3,https://www.sciencebase.gov/catalog/item/4f4e4a51e4b07f02db62a256,argon dating
55b2c4ffe138231cbdd6ce44,"Geological Survey research 1968, Chapter B",3,https://www.sciencebase.gov/catalog/item/4f4e4adfe4b07f02db6877b3,U-Th
573cab4ccf58f1963f8d984f,The Quaternary of southern Spain: A bridge between Africa and the Alpine domain,3,http://www.sciencedirect.com/science/article/pii/S1040618211003193,geochronology | biostratigraphy | U-Th-Pb | U-Th
557ce1dee138239225f86a1f,"Publications of the U.S. Geological Survey, 1989",3,https://www.sciencebase.gov/catalog/item/5124ad66e4b0b6328103b507,radiocarbon | biostratigraphy
5833d45ccf58f112d8194387,"The early Pleistocene small vertebrate succession from the Orce region (Guadix-Baza Basin, SE Spain) and its bearing on the first human occupation of Europe",3,http://www.sciencedirect.com/science/article/pii/S1040618209004571,fission track | argon dating
55439fa4e138233dfd7d2ce5,"Stratigraphy, structure, and volcanic evolution of the Pico Teideâ€“Pico Viejo formation, Tenerife, Canary Islands",3,http://www.sciencedirect.com/science/article/pii/S0377027300002249,geochronology | radiocarbon
54dad5e7e138235b0d06b500,"Petrogenesis and tectonic setting of the peralkaline Pine Canyon caldera, Trans-Pecos Texas, USA",3,http://www.sciencedirect.com/science/article/pii/S0024493706000727,fission track | argon dating
54b4325be138239d8684d393,"Victoriamys, a new generic name for Chaline's vole from the Pleistocene of Western Europe",3,http://www.sciencedirect.com/science/article/pii/S001669951200054X,fission track | paleomagnetism | argon dating
54f00e74e138237cc9152d72,"Paleosol evidence for Quaternary uplift and for climate and ecosystem changes in the Cordillera de Talamanca, Costa Rica",3,http://www.sciencedirect.com/science/article/pii/S0031018206006432,fission track | geochronology | biostratigraphy | argon dating
55a72307e13823757cc6fdfe,"New information resources of the U.S. Geological Survey Library System, March 1990",3,https://www.sciencebase.gov/catalog/item/4f4e4afee4b07f02db69767a,argon dating
55a7c8c6e13823757cc7025c,Selected published references on the geology and mineral resources of some Forest Service Wilderness and Roadless Areas in the United States,3,https://www.sciencebase.gov/catalog/item/4f4e4a03e4b07f02db5f832d,geochronology | biostratigraphy | absolute age
56c0e580cf58f15c72c8f506,Apparent and true polar wander and the geometry of the geomagnetic field over the last 200 Myr,3,http://doi.wiley.com/10.1029/2000JB000050,geochronology
55af0f9be13823763a830f8d,"Bibliography, index, and data sources for ground-water hydrology and geology of Colorado west of the continental divide",3,https://www.sciencebase.gov/catalog/item/4f4e4a4ce4b07f02db6261e3,biostratigraphy | argon dating
557c690de138239225f86820,"Geological Survey research 1969, Chapter D",3,https://www.sciencebase.gov/catalog/item/4f4e4adfe4b07f02db68774e,U-Th
557a1cece138233a711e17d2,"Surface water supply of the United States, 1945, Part VIII, Western Gulf of Mexico basins",3,https://www.sciencebase.gov/catalog/item/4f4e4afde4b07f02db696ffd,fission track | argon dating
56a48456cf58f1944252ba5b,"Bayesian event tree for long-term volcanic hazard assessment: Application to Teide-Pico Viejo stratovolcanoes, Tenerife, Canary Islands",3,http://doi.wiley.com/10.1029/2009JB006566,U/Pb | Ar/Ar | 39Ar | geochronology | U-Pb | 40Ar-39Ar | Ar-Ar | argon dating | 206Pb | 40Ar/39Ar | 40Ar
54b43265e138239d8684eda4,Chronology and provenance of last-glacial (Peoria) loess in western Iowa and paleoclimatic implications,3,http://www.sciencedirect.com/science/article/pii/S0033589413000707,biostratigraphy | paleomagnetic
579fc09fcf58f14956099b0f,Guest Editorial: Introduction to special issue on historical range of variability,3,http://doi.wiley.com/10.1002/esp.3357,U/Pb | fission track | geochronology | U-Pb
5721c694cf58f16c929ec572,"Geology and chronology of the continental Pleistocene archeological and paleontological sites of the Orce area (Baza basin, Spain)",3,http://www.sciencedirect.com/science/article/pii/S1040618211001947,U/Pb | 39Ar | U-Pb
55b397bce138231cbdd6d2a5,Glaciers of South America,3,https://www.sciencebase.gov/catalog/item/4f4e4abee4b07f02db674e98,paleomagnetism | paleomagnetic
576dfe44cf58f1839aeaa853,"Early Pleistocene environments and vertebrate dispersals in Western Europe: The case of Barranco de los Conejos (Guadix-Baza Basin, SE Spain)",3,http://www.sciencedirect.com/science/article/pii/S1040618212000717,U/Pb | paleomagnetism | 39Ar | geochronology | U-Pb | 40Ar-39Ar | 40Ar/39Ar | 40Ar | paleomagnetic
558f6fede13823109f3ee99c,"Quality of surface waters of the United States, 1949 : Parts 7 -14",3,https://www.sciencebase.gov/catalog/item/4f4e4a8be4b07f02db651be9,36Cl
55b6f9ace13823bd29ba7e98,Bibliography of North American geology for 1919-1920,3,https://www.sciencebase.gov/catalog/item/4f4e4a51e4b07f02db629939,14C
54b4326de138239d86850447,"A review of palaeobotanical findings of early Vitis in the mediterranean and of the origins of cultivated grape-vines, with special reference to new pointers to prehistoric exploitation in the western mediterranean",3,http://www.sciencedirect.com/science/article/pii/003466678990033X,electron spin resonance
557b5162e138239225f8636d,"Geological Survey research, 1975",3,https://www.sciencebase.gov/catalog/item/4f4e4adce4b07f02db68640d,geochronology | radiocarbon | 14C
572cf7cbcf58f13cf452f3f2,"Recovery of the black-footed ferret: progress and continuing challenges--Proceedings of the Symposium onthe Status of the Black-footed Ferret and Its Habitat, Fort Collins, Colorado, January 28-29, 2004",3,https://www.sciencebase.gov/catalog/item/4f4e4a60e4b07f02db635438,fission track | tephrochronology | geochronology | biostratigraphy
55ccd4d1cf58f190b49049d4,The geographical and chronological pattern of herpetofaunal Pleistocene extinctions on the Iberian Peninsula,3,http://www.sciencedirect.com/science/article/pii/S1631068315000755,fission track | biostratigraphy | argon dating
557c6e80e138239225f8683c,"Quality of surface waters of the United States, 1965, Parts 7 and 8, lower Mississippi River basin and western Gulf of Mexico basins",3,https://www.sciencebase.gov/catalog/item/4f4e4a8be4b07f02db651a39,fission track | Ar/Ar | paleomagnetism | 39Ar | 40Ar-39Ar | Ar-Ar | 40Ar/39Ar | 40Ar | paleomagnetic
574ad3e9cf58f13a7715a32e,Late Pleistoceneâ€“Recent marine malacological assemblages of the Colorado River delta (south of Buenos Aires Province): Paleoecology and paleoclimatology,3,http://www.sciencedirect.com/science/article/pii/S1040618215005121,U/Pb | 39Ar | geochronology | U-Pb | 40Ar-39Ar | 40Ar/39Ar | 40Ar
558ffeb6e13823109f3eed08,"Geological Survey research 1970, Chapter C",3,https://www.sciencebase.gov/catalog/item/4f4e4adfe4b07f02db68776b,39Ar | geochronology | biostratigraphy | 40Ar-39Ar | 40Ar/39Ar | 40Ar | paleomagnetic | thermochronology
55b6bd4ae13823bd29ba7d2a,Index to the geologic names of North America,3,https://www.sciencebase.gov/catalog/item/4f4e49f7e4b07f02db5f23a1,radiocarbon | 14C
579691c1cf58f182de583a41,Late Quaternary glaciation of Costa Rica,3,http://dx.doi.org/10.1130/0016-7606(2002)114<0547:lqgocr>2.0.co;2,U/Pb | U-Pb | argon dating | paleomagnetic
55045802e1382326932d8614,Calibration of the Early-Middle Pleistocene transition in the continental beds of the Guadixâ€“Baza Basin (SE Spain),3,http://www.sciencedirect.com/science/article/pii/S0277379198001164,biostratigraphy | U-series | paleomagnetic
5503af37e1382326932d8186,"Phanerozoic polar wander, palaeogeography and dynamics",3,http://www.sciencedirect.com/science/article/pii/S0012825212000797,paleomagnetism | 39Ar | geochronology | 40Ar-39Ar | 40Ar/39Ar | 40Ar | U-Th | paleomagnetic
583343bdcf58f177a7b791f5,Discrete dispersal bioevents of large mammals in Southern Europe in the post-Olduvai Early Pleistocene: A critical overview,3,http://www.sciencedirect.com/science/article/pii/S104061821500806X,paleomagnetism | biostratigraphy | paleomagnetic
55b6af8be13823bd29ba7cd1,"Changes in stratigraphic nomenclature by the U.S. Geological Survey, 1972",3,https://www.sciencebase.gov/catalog/item/4f4e49e5e4b07f02db5e6ad0,radiocarbon
557c9b17e138239225f868f9,"Water resources data, New Mexico, water year 1982",3,https://www.sciencebase.gov/catalog/item/4f4e49f5e4b07f02db5f0d05,paleomagnetism | 39Ar | geochronology | 40Ar-39Ar | argon dating | (U-Th)/He | 40Ar/39Ar | U-Th/He | 40Ar | U-Th | paleomagnetic
571a205fcf58f182bf033b6e,Villafranchian: The long story of a Plio-Pleistocene European large mammal biochronologic unit,3,http://www.sciencedirect.com/science/article/pii/S1040618210000170,14C
,"Volcanic History of the San Juan Mountains, Colorado, as Indicated by PotassiumÐArgon Dating",1,https://pubs.geoscienceworld.org/gsa/gsabulletin/article/81/8/2329/6946/volcanic-history-of-the-san-juan-mountains,
,Tracking the evolution of large-volume silicic magma reservoirs from assembly to supereruption,1,https://pubs.geoscienceworld.org/gsa/geology/article/41/8/867/131311/tracking-the-evolution-of-large-volume-silicic,
,U-Pb zircon and titanite systematics of the Fish Canyon Tuff: an assessment of high-precision U-Pb geochronology and its application to young volcanic rocks,1,https://www.sciencedirect.com/science/article/pii/S0016703701006160,